DIMENSION,MARQUE,RÉFÉRENCE,STOCK TOTAL,AOUINA,DIBOU,ARIANA,PRIX (DT)
155/65R14,SEMPERIT,SP155/65R14,4,4,0,0,240
155/70R13,RADIAL,RD155/70R13,13,7,0,6,180
165/60R14,GOODYEAR,GD165/60R14,7,4,3,0,230
165/60R14,HANKOOK,HK165/60R14,4,4,0,0,230
165/65R14,SEMPERIT,SP165/65R14,5,4,0,1,200
165/65R14,WESTLAKE,WL165/65R14,4,4,0,0,180
165/70R13,RADIAL,RD165/70R13,5,4,0,1,180
165/70R14,SEMPERIT,SP165/70R14,10,4,2,4,240
175/50R15,HANKOOK,HK175/50R15,12,4,7,1,270
175/55R15,RADIAL,RD175/55R15,3,3,0,0,250
175/60R15,GOODYEAR,GD175/60R15,25,3,18,4,350
175/60R15,RADIAL,RD175/60R15,3,3,0,0,230
175/65R14,AMINE,AM175/65R14,2,0,0,2,170
175/65R14,GOODYEAR,GD175/65R14,103,6,92,5,220
175/65R14,NEXEN,NX175/65R14,1,1,0,0,200
175/65R14,RADIAL,RD175/65R14,10,4,1,5,180
175/65R14,SEMPERIT,SP175/65R14,70,5,60,5,190
175/65R14,WESTLAKE,WL175/65R14,96,84,0,12,180
175/65R15,DOUBLESTAR,DS175/65R15,2,2,0,0,200
175/70R13,WESTLAKE,WL175/70R13,4,4,0,0,200
175/70R14,MATADOR,MT175/70R14,4,4,0,0,230
175/70R14,WESTLAKE,WL175/70R14,51,40,0,11,200
185/55R15,BRIDGESTONE,BR185/55R15,2,2,0,0,370
185/55R15,GOODYEAR,GD185/55R15,39,4,31,4,340
185/55R16,GOODYEAR,GD185/55R16,3,2,0,1,420
185/60R14,GOODYEAR,GD185/60R14,20,4,12,4,230
185/60R14,NEXEN,NX185/60R14,1,1,0,0,230
185/60R15,MATADOR,MT185/60R15,4,4,0,0,280
185/60R15,RADIAL,RD185/60R15,7,3,0,4,230
185/60R15,WESTLAKE,WL185/60R15,4,4,0,0,230
205/55R16,AMINE,AM205/55R16,1,1,0,0,240
205/55R16,DOUBLESTAR,DS205/55R16,4,4,0,0,230
205/55R16,FULDA,FL205/55R16,45,10,27,8,250
205/55R16,GOODRIDE,GR205/55R16,1,0,0,1,250
205/55R16,GOODYEAR,GD205/55R16,6,2,0,4,280
205/55R16,HANKOOK,HK205/55R16,17,4,9,4,260
205/55R16,RADIAL,RD205/55R16,4,0,0,4,230
